tokenizer,family,n_items,tokens_per_text,median_s,tokens_per_s
gpt2,BPE (GPT-2),64,43,0.0011513740000737016,2390187.723384269
gpt2-medium,BPE (GPT-2),64,43,0.0006150859999252134,4474171.092066163
tiktoken-gpt-3.5-turbo,Tiktoken (gpt-3.5-turbo),64,43,6.429800032492494e-05,42800708.9815077
tiktoken-gpt-4o,Tiktoken (gpt-4o),64,43,0.00013239700001577148,20785969.46813126
llama2,SentencePiece (LLaMA),64,49,0.0012102729997423012,2591150.922699041
